Unnamed: 0,molecular_trait_id,variant,chromosome,position,ref,alt,cs_id,cs_index,finemapped_region,pip,z,cs_min_r2,cs_avg_r2,cs_size,posterior_mean,posterior_sd,cs_log10bf
37760,ENSG00000196275,chr7_74683028_T_TA,7,74683028,T,TA,ENSG00000196275_L1_100,L1,chr7:73851551-75851551,0.144161345272595,6.0471768258613885,0.313882200236113,0.639340671713827,5,0.09820187814582003,0.24561410920966606,4.3792243791973
37761,ENSG00000196275,chr7_74717330_T_TC,7,74717330,T,TC,ENSG00000196275_L1_100,L1,chr7:73851551-75851551,0.358304953113522,6.20540060718254,0.313882200236113,0.639340671713827,5,0.25873347619812803,0.3547293416557489,4.3792243791973
37762,ENSG00000196275,chr7_74725717_C_T,7,74725717,C,T,ENSG00000196275_L1_100,L1,chr7:73851551-75851551,0.0290932996203825,-5.571581396600322,0.313882200236113,0.639340671713827,5,-0.0158834299292179,0.0980956144824496,4.3792243791973
37763,ENSG00000196275,chr7_74794021_C_T,7,74794021,C,T,ENSG00000196275_L1_100,L1,chr7:73851551-75851551,0.0290932996203825,-5.571581396600322,0.313882200236113,0.639340671713827,5,-0.0158834299292179,0.0980956144824496,4.3792243791973
37764,ENSG00000196275,chr7_74935609_C_CA,7,74935609,C,CA,ENSG00000196275_L1_100,L1,chr7:73851551-75851551,0.411811910108335,6.2470548417057,0.313882200236113,0.639340671713827,5,0.27562912118729305,0.3379882126032589,4.3792243791973
139953,ENSG00000196275,chr7_74784878_G_A,7,74784878,G,A,ENSG00000196275_L1_200,L1,chr7:73851551-75851551,0.974513137557366,6.99286532739642,1.0,1.0,1,0.601384563253415,0.130007472561931,6.54611701981866
292592,ENSG00000196275,chr7_74935609_C_CA,7,74935609,C,CA,ENSG00000196275_L1_300,L1,chr7:73851551-75851551,0.995290074896712,8.13174813032409,1.0,1.0,1,0.538208921472022,0.075874665863094,10.037729044182099
467428,ENSG00000196275,chr7_74935609_C_CA,7,74935609,C,CA,ENSG00000196275_L1_358,L1,chr7:73851551-75851551,0.9965921377166908,9.088516745286187,1.0,1.0,1,0.545181994659387,0.0685340564159883,13.185384780756099
727631,ENSG00000196275,chr7_74683028_T_TA,7,74683028,T,TA,ENSG00000196275_L2_966,L2,chr7:73851551-75851551,0.128757908221786,10.9467766005809,0.652130096593793,0.8168053862237091,2,0.0176475702173644,0.0468687965357751,6.73481934022325
727633,ENSG00000196275,chr7_74784878_G_A,7,74784878,G,A,ENSG00000196275_L2_966,L2,chr7:73851551-75851551,0.8686115707669159,11.5416068322401,0.652130096593793,0.8168053862237091,2,0.141276062416682,0.0589874022907513,6.73481934022325
727635,ENSG00000196275,chr7_74935609_C_CA,7,74935609,C,CA,ENSG00000196275_L1_966,L1,chr7:73851551-75851551,0.989110337201473,11.7689821894933,1.0,1.0,1,0.15265436317974,0.0254677055471361,8.70675163958348
